{"cameraMode":{"drawMode":0,"name":"Shaded","section":"Shading Mode"},"sceneLighting":true,"audioPlay":false,"sceneViewState":{"m_AlwaysRefresh":false,"showFog":true,"showSkybox":true,"showFlares":true,"showImageEffects":true,"showParticleSystems":true,"showVisualEffectGraphs":true,"m_FxEnabled":true},"in2DMode":false,"pivot":{"x":0.5214055776596069,"y":0.1309315264225006,"z":1.4683399200439454},"rotation":{"x":-0.16974273324012757,"y":-0.7880947589874268,"z":0.2492533177137375,"w":-0.5367343425750732},"size":0.6178593039512634,"orthographic":false}